{
  "n": 162,
  "n_treated": 81,
  "n_control": 81,
  "naive_diff": 0.006172839506174199,
  "ipw_ate": 0.00420946218386019,
  "ipw_se": 0.40640581385132385,
  "ipw_ci": [
    -0.7688856850743273,
    0.8005969188442517
  ],
  "aipw_ate": 0.017341066335795702,
  "aipw_se": 0.11242254633681159,
  "aipw_ci": [
    -0.20155081227575614,
    0.23180265104857567
  ]
}