{
  "n_seeds": 10,
  "n_rounds": 20,
  "n_pool_arms": 39,
  "seed_set_size": 20,
  "thompson_final_regret_mean": 3.9924999999999864,
  "thompson_final_regret_std": 1.1002300895721773,
  "random_final_regret_mean": 17.415,
  "random_final_regret_std": 1.6830849651755544,
  "thompson_advantage": 13.422500000000014,
  "thompson_history": [
    {
      "seed": 0,
      "chosen_idx": [
        16,
        16,
        16,
        16,
        16,
        3,
        16,
        16,
        16,
        16,
        16,
        16,
        16,
        16,
        16,
        16,
        16,
        16,
        16,
        16
      ],
      "rewards": [
        8.675,
        8.675,
        8.675,
        8.675,
        8.675,
        7.725,
        8.675,
        8.675,
        8.675,
        8.675,
        8.675,
        8.675,
        8.675,
        8.675,
        8.675,
        8.675,
        8.675,
        8.675,
        8.675,
        8.675
      ],
      "regret": [
        0.07499999999999929,
        0.14999999999999858,
        0.22499999999999787,
        0.29999999999999716,
        0.37499999999999645,
        1.3999999999999968,
        1.474999999999996,
        1.5499999999999954,
        1.6249999999999947,
        1.699999999999994,
        1.7749999999999932,
        1.8499999999999925,
        1.9249999999999918,
        1.9999999999999911,
        2.0749999999999904,
        2.1499999999999897,
        2.224999999999989,
        2.2999999999999883,
        2.3749999999999876,
        2.449999999999987
      ]
    },
    {
      "seed": 1,
      "chosen_idx": [
        0,
        16,
        16,
        16,
        16,
        20,
        16,
        16,
        16,
        0,
        16,
        16,
        16,
        16,
        16,
        14,
        16,
        16,
        16,
        16
      ],
      "rewards": [
        8.3,
        8.675,
        8.675,
        8.675,
        8.675,
        8.15,
        8.675,
        8.675,
        8.675,
        8.3,
        8.675,
        8.675,
        8.675,
        8.675,
        8.675,
        7.275,
        8.675,
        8.675,
        8.675,
        8.675
      ],
      "regret": [
        0.4499999999999993,
        0.5249999999999986,
        0.5999999999999979,
        0.6749999999999972,
        0.7499999999999964,
        1.349999999999996,
        1.4249999999999954,
        1.4999999999999947,
        1.574999999999994,
        2.0249999999999932,
        2.0999999999999925,
        2.174999999999992,
        2.249999999999991,
        2.3249999999999904,
        2.3999999999999897,
        3.8749999999999893,
        3.9499999999999886,
        4.024999999999988,
        4.099999999999987,
        4.1749999999999865
      ]
    },
    {
      "seed": 2,
      "chosen_idx": [
        31,
        16,
        23,
        16,
        16,
        0,
        16,
        16,
        16,
        16,
        14,
        16,
        16,
        16,
        16,
        16,
        16,
        16,
        16,
        16
      ],
      "rewards": [
        7.35,
        8.675,
        7.325,
        8.675,
        8.675,
        8.3,
        8.675,
        8.675,
        8.675,
        8.675,
        7.275,
        8.675,
        8.675,
        8.675,
        8.675,
        8.675,
        8.675,
        8.675,
        8.675,
        8.675
      ],
      "regret": [
        1.4000000000000004,
        1.4749999999999996,
        2.8999999999999995,
        2.9749999999999988,
        3.049999999999998,
        3.4999999999999973,
        3.5749999999999966,
        3.649999999999996,
        3.724999999999995,
        3.7999999999999945,
        5.274999999999994,
        5.349999999999993,
        5.424999999999993,
        5.499999999999992,
        5.574999999999991,
        5.649999999999991,
        5.72499999999999,
        5.799999999999989,
        5.8749999999999885,
        5.949999999999988
      ]
    },
    {
      "seed": 3,
      "chosen_idx": [
        0,
        23,
        16,
        16,
        16,
        16,
        14,
        16,
        16,
        16,
        16,
        16,
        16,
        16,
        16,
        16,
        16,
        16,
        16,
        16
      ],
      "rewards": [
        8.3,
        7.325,
        8.675,
        8.675,
        8.675,
        8.675,
        7.275,
        8.675,
        8.675,
        8.675,
        8.675,
        8.675,
        8.675,
        8.675,
        8.675,
        8.675,
        8.675,
        8.675,
        8.675,
        8.675
      ],
      "regret": [
        0.4499999999999993,
        1.8749999999999991,
        1.9499999999999984,
        2.0249999999999977,
        2.099999999999997,
        2.1749999999999963,
        3.649999999999996,
        3.724999999999995,
        3.7999999999999945,
        3.874999999999994,
        3.949999999999993,
        4.024999999999992,
        4.099999999999992,
        4.174999999999991,
        4.24999999999999,
        4.3249999999999895,
        4.399999999999989,
        4.474999999999988,
        4.549999999999987,
        4.624999999999987
      ]
    },
    {
      "seed": 4,
      "chosen_idx": [
        16,
        16,
        16,
        16,
        16,
        16,
        16,
        16,
        16,
        16,
        16,
        16,
        0,
        16,
        16,
        16,
        16,
        16,
        16,
        0
      ],
      "rewards": [
        8.675,
        8.675,
        8.675,
        8.675,
        8.675,
        8.675,
        8.675,
        8.675,
        8.675,
        8.675,
        8.675,
        8.675,
        8.3,
        8.675,
        8.675,
        8.675,
        8.675,
        8.675,
        8.675,
        8.3
      ],
      "regret": [
        0.07499999999999929,
        0.14999999999999858,
        0.22499999999999787,
        0.29999999999999716,
        0.37499999999999645,
        0.44999999999999574,
        0.524999999999995,
        0.5999999999999943,
        0.6749999999999936,
        0.7499999999999929,
        0.8249999999999922,
        0.8999999999999915,
        1.3499999999999908,
        1.42499999999999,
        1.4999999999999893,
        1.5749999999999886,
        1.649999999999988,
        1.7249999999999872,
        1.7999999999999865,
        2.249999999999986
      ]
    },
    {
      "seed": 5,
      "chosen_idx": [
        16,
        16,
        16,
        0,
        16,
        14,
        16,
        16,
        16,
        16,
        16,
        16,
        16,
        16,
        16,
        16,
        16,
        16,
        16,
        16
      ],
      "rewards": [
        8.675,
        8.675,
        8.675,
        8.3,
        8.675,
        7.275,
        8.675,
        8.675,
        8.675,
        8.675,
        8.675,
        8.675,
        8.675,
        8.675,
        8.675,
        8.675,
        8.675,
        8.675,
        8.675,
        8.675
      ],
      "regret": [
        0.07499999999999929,
        0.14999999999999858,
        0.22499999999999787,
        0.6749999999999972,
        0.7499999999999964,
        2.224999999999996,
        2.2999999999999954,
        2.3749999999999947,
        2.449999999999994,
        2.5249999999999932,
        2.5999999999999925,
        2.674999999999992,
        2.749999999999991,
        2.8249999999999904,
        2.8999999999999897,
        2.974999999999989,
        3.0499999999999883,
        3.1249999999999876,
        3.199999999999987,
        3.274999999999986
      ]
    },
    {
      "seed": 6,
      "chosen_idx": [
        16,
        16,
        16,
        16,
        16,
        16,
        31,
        16,
        23,
        16,
        16,
        16,
        20,
        16,
        0,
        16,
        16,
        16,
        16,
        16
      ],